siret,siren,denominationUniteLegale,localisation,trancheEffectifsEtablissement,libelleActivitePrincipaleUniteLegale,libelleSectionActivitePrincipaleUniteLegale,CA,latitude,longitude,trancheEffectifsEtablissementNum
30057104901578,300571049,PETIT FORESTIER LOCATION,Aéroparc,12,Location et location-bail de camions,Activités de services administratifs et de soutien,E + d 1M,48.539349,7.648691,35
30096101800342,300961018,DSV AIR & SEA SAS,Village-ENTZHEIM,11,Affrètement et organisation des transports,Transports et entreposage,E + d 1M,48.532338,7.634231,15
30247406900044,302474069,SARL GEMU,Plaine de la Bruche,12,Commerce de gros (commerce interentreprises) de fournitures et équipements industriels divers,Commerce ; réparation d'automobiles et de motocycles,Inconnu,48.540631,7.587265,35
30485079500051,304850795,APPLIC SCE ETUDES INGENIERIES INFORMATIQ,Aéroparc,12,Conseil en systèmes et logiciels informatiques,Information et communication,A - de 32K,48.546799,7.654145,35
30506298600024,305062986,ETABLISSEMENTS ROBERT GEISTEL,Plaine de la Bruche,12,Travaux de menuiserie métallique et serrurerie,Construction,E + d 1M,48.540608,7.573785,35
30523185400152,305231854,SPIE BATIGNOLLES EST,Aéroparc,12,Construction d'autres bâtiments,Construction,E + d 1M,48.542684,7.649265,35
30582122500052,305821225,DIFAC,Aéroparc,12,Commerce de gros (commerce interentreprises) d'habillement et de chaussures,Commerce ; réparation d'automobiles et de motocycles,E + d 1M,48.54349,7.65139,35
30637161800019,306371618,DEBIT DE VINS RESTAURANT STEINKELLER,Village-ENTZHEIM,12,Hôtels et hébergement similaire,Hébergement et restauration,Inconnu,48.532171,7.635021,35
30897323900244,308973239,SECURITAS TRANSPORT AVIATION SECURITY SAS,Aéroport/Hangenbieten,21,Activités de sécurité privée,Activités de services administratifs et de soutien,E + d 1M,48.54601,7.62522,75
30905428600039,309054286,M H D,Joffre,12,Travaux de peinture et vitrerie,Construction,E + d 1M,48.563715,7.652887,35
31064351500060,310643515,XPO SUPPLY CHAIN FROID FRANCE,Plaine de la Bruche,12,Manutention non portuaire,Transports et entreposage,E + d 1M,48.541804,7.58265,35
31064351500128,310643515,XPO SUPPLY CHAIN FROID FRANCE,Plaine de la Bruche,11,Manutention non portuaire,Transports et entreposage,E + d 1M,48.540478,7.584131,15
31064351500169,310643515,XPO SUPPLY CHAIN FROID FRANCE,Plaine de la Bruche,11,Manutention non portuaire,Transports et entreposage,E + d 1M,48.543146,7.571442,15
31364266200016,313642662,SOCIETE RGR,Aéroport/Hangenbieten,12,Fabrication d'équipements aérauliques et frigorifiques industriels,Industrie manufacturière,Inconnu,48.54601,7.62522,35
31454842100028,314548421,LEVY GUY SARL,Joffre,11,Commerce de gros (commerce interentreprises) de viandes de boucherie,Commerce ; réparation d'automobiles et de motocycles,Inconnu,48.557885,7.654292,15
31571121800158,315711218,ROHLIG FRANCE SAS,Village-ENTZHEIM,11,Affrètement et organisation des transports,Transports et entreposage,E + d 1M,48.533251,7.635128,15
31817503100018,318175031,RUSTYLE,Plaine de la Bruche,11,Fabrication de charpentes et d'autres menuiseries,Industrie manufacturière,E + d 1M,48.542849,7.569614,15
31983466900099,319834669,ATES - APPLICATIONS TECHNIQUES DU STORE,Aéroparc,12,Fabrication de portes et fenêtres en métal,Industrie manufacturière,E + d 1M,48.545442,7.655329,35
32060676700020,320606767,ENTREPRISE STELL & BONTZ,Aéroport/Hangenbieten,21,Travaux de maçonnerie générale et gros œuvre de bâtiment,Construction,E + d 1M,48.552583,7.615238,75
32081388400071,320813884,TERTIA SOLUTIONS,Aéroparc,12,Commerce de gros (commerce interentreprises) de mobilier de bureau,Commerce ; réparation d'automobiles et de motocycles,E + d 1M,48.545442,7.655329,35
32165800700026,321658007,BIK ARCHITECTURE GRAND EST,Aéroport/Hangenbieten,11,Activités d'architecture,"Activités spécialisées, scientifiques et techniques",E + d 1M,48.54601,7.62522,15
32237673200028,322376732,SCHAFFNER SA,Village-DUPPIGHEIM,12,Travaux de menuiserie métallique et serrurerie,Construction,E + d 1M,48.530747,7.598792,35
32286696300133,322866963,ASSOCIATION ROUTE NOUVELLE ALSACE,Joffre,12,Hébergement social pour handicapés mentaux et malades mentaux,Santé humaine et action sociale,Inconnu,48.560993,7.646278,35
32343835800059,323438358,TENNISPRO DISTRIBUTION,Aéroparc,21,Vente à distance sur catalogue spécialisé,Commerce ; réparation d'automobiles et de motocycles,E + d 1M,48.541465,7.649237,75
32404524400021,324045244,FROID GILBERT,Plaine de la Bruche,11,Installation de machines et équipements mécaniques,Industrie manufacturière,Inconnu,48.539525,7.569493,15
32696612400033,326966124,POMMES DE TERRE FRUITS ET LEGUMES KIEHL,Village-DUPPIGHEIM,11,Commerce de gros (commerce interentreprises) de fruits et légumes,Commerce ; réparation d'automobiles et de motocycles,E + d 1M,48.531426,7.596624,15
32773284800020,327732848,ETABLISSEMENTS MEY,Aéroport/Hangenbieten,11,Mécanique industrielle,Industrie manufacturière,E + d 1M,48.549027,7.615603,15
33193024800017,331930248,BRUCHE TRANSPORTS,Plaine de la Bruche,12,Transports routiers de fret interurbains,Transports et entreposage,Inconnu,48.542253,7.569553,35
33240423500035,332404235,SCHOCK FRANCE,Aéroparc,12,Commerce de gros (commerce interentreprises) de bois et de matériaux de construction,Commerce ; réparation d'automobiles et de motocycles,E + d 1M,48.546207,7.653832,35
33358346601514,333583466,KUEHNE+NAGEL,Joffre,11,Entreposage et stockage non frigorifique,Transports et entreposage,E + d 1M,48.560762,7.652899,15
33358346601647,333583466,KUEHNE+NAGEL,Aéroparc,11,Entreposage et stockage non frigorifique,Transports et entreposage,E + d 1M,48.544286,7.649592,15
33389261000812,333892610,EQIOM GRANULATS,Aéroparc,11,"Exploitation de gravières et sablières, extraction d'argiles et de kaolin",Industries extractives,E + d 1M,48.544646,7.650443,15
33481908300034,334819083,ADAC - AGENCE D'ACTIONS COMMERCIALES,Plaine de la Bruche,11,"Commerce de gros (commerce interentreprises) de vaisselle, verrerie et produits d'entretien",Commerce ; réparation d'automobiles et de motocycles,E + d 1M,48.539483,7.571929,15
33762184100911,337621841,RICOH FRANCE,Aéroparc,21,Réparation d'ordinateurs et d'équipements périphériques,Autres activités de services,E + d 1M,48.544361,7.652889,75
33770059500016,337700595,EUROPROCESS,Plaine de la Bruche,12,Fabrication d'autres articles en papier ou en carton,Industrie manufacturière,E + d 1M,48.539238,7.587962,35
33811212100052,338112121,PROGISEM,Aéroparc,11,Édition de logiciels applicatifs,Information et communication,Inconnu,48.542684,7.649265,15
33828695800040,338286958,MGC DIAGNOSTICS FRANCE,Plaine de la Bruche,11,Commerce de détail d'articles médicaux et orthopédiques en magasin spécialisé,Commerce ; réparation d'automobiles et de motocycles,E + d 1M,48.540608,7.573785,15
33889886900262,338898869,ECONOCOM-OSIATIS INGENIERIE,Aéroparc,11,Conseil en systèmes et logiciels informatiques,Information et communication,E + d 1M,48.546207,7.653832,15
33960966100436,339609661,IDVERDE,Joffre,12,Services d'aménagement paysager,Activités de services administratifs et de soutien,E + d 1M,48.557827,7.65245,35
34172578600147,341725786,DIVALTO,Aéroparc,22,Édition de logiciels système et de réseau,Information et communication,E + d 1M,48.546322,7.651681,150
34185345500028,341853455,DELTA SENSOR,Aéroparc,11,Activités des sociétés holding,Activités financières et d'assurance,Inconnu,48.540706,7.648505,15
34217401800115,342174018,GEOFIT,Aéroparc,12,"Ingénierie, études techniques","Activités spécialisées, scientifiques et techniques",E + d 1M,48.544646,7.650443,35
34305695800170,343056958,JOHSON CONTROLS INDUSTRIES,Plaine de la Bruche,11,Installation de machines et équipements mécaniques,Industrie manufacturière,E + d 1M,48.539159,7.587469,15
34323414201166,343234142,INITIAL,Joffre,11,Blanchisserie-teinturerie de détail,Autres activités de services,E + d 1M,48.558151,7.65187,15
34326262213902,343262622,LIDL,Village-ENTZHEIM,32,Supermarchés,Commerce ; réparation d'automobiles et de motocycles,Inconnu,48.534321,7.643082,375
34430738400323,344307384,DHL GLOBAL FORWARDING (FRANCE) SAS,Aéroport/Hangenbieten,11,Affrètement et organisation des transports,Transports et entreposage,E + d 1M,48.54601,7.62522,15
34431440600044,344314406,EST-ARRO,Plaine de la Bruche,11,Commerce de gros (commerce interentreprises) de matériel agricole,Commerce ; réparation d'automobiles et de motocycles,A - de 32K,48.542948,7.5869,15
34532912200021,345329122,STAR AUTOS,Plaine de la Bruche,11,Entretien et réparation de véhicules automobiles légers,Commerce ; réparation d'automobiles et de motocycles,Inconnu,48.543101,7.584669,15
34535118300479,345351183,TOKHEIM SERVICES FRANCE,Village-DUPPIGHEIM,12,Réparation de machines et équipements mécaniques,Industrie manufacturière,Inconnu,48.52518,7.588775,35
34822094800320,348220948,SEDGWICK FRANCE SA,Aéroparc,11,Activités des agents et courtiers d'assurances,Activités financières et d'assurance,Inconnu,48.544646,7.650443,15
34826344300023,348263443,LABORATOIRE DENTAIRE LUTTWILLER,Joffre,11,Fabrication de matériel médico-chirurgical et dentaire,Industrie manufacturière,Inconnu,48.563643,7.65357,15
34853430600157,348534306,STORDATA,Aéroparc,11,"Commerce de gros (commerce interentreprises) d'ordinateurs, d'équipements informatiques périphériques et de logiciels",Commerce ; réparation d'automobiles et de motocycles,E + d 1M,48.545947,7.651214,15
34874159600012,348741596,STRUB,Plaine de la Bruche,11,Commerce de gros (commerce interentreprises) de bois et de matériaux de construction,Commerce ; réparation d'automobiles et de motocycles,Inconnu,48.542886,7.584428,15
35179185000016,351791850,ETS FAUST,Plaine de la Bruche,12,Fabrication de structures métalliques et de parties de structures,Industrie manufacturière,A - de 32K,48.539404,7.571222,35
35338762400029,353387624,LUX ZENITHAL,Plaine de la Bruche,11,Travaux de menuiserie métallique et serrurerie,Construction,A - de 32K,48.539251,7.570316,15
35389705100028,353897051,LES COUVREURS RHENANS,Plaine de la Bruche,11,Travaux de couverture par éléments,Construction,Inconnu,48.539159,7.587469,15
35600000032376,356000000,LA POSTE,Joffre,32,Activités de poste dans le cadre d'une obligation de service universel,Transports et entreposage,E + d 1M,48.560243,7.651113,375
37783966701391,377839667,HERTZ FRANCE,Aéroport/Hangenbieten,11,Location de courte durée de voitures et de véhicules automobiles légers,Activités de services administratifs et de soutien,Inconnu,48.54601,7.62522,15
37791706700342,377917067,EQIOM,Aéroparc,11,Fabrication de ciment,Industrie manufacturière,E + d 1M,48.544646,7.650443,15
37868743800028,378687438,LOHR SERVICE,Plaine de la Bruche,21,Entretien et réparation d'autres véhicules automobiles,Commerce ; réparation d'automobiles et de motocycles,E + d 1M,48.545585,7.58657,75
37899289500789,378992895,XPO SUPPLY CHAIN FRANCE,Plaine de la Bruche,11,Entreposage et stockage non frigorifique,Transports et entreposage,E + d 1M,48.541815,7.582775,15
38079007100027,380790071,ADIS,Joffre,11,Travaux d'installation électrique dans tous locaux,Construction,D entre 250K et 1M,48.563862,7.654355,15
38094786100015,380947861,SAINT-GOBAIN GLASS SOLUTIONS NORD EST,Plaine de la Bruche,21,Façonnage et transformation du verre plat,Industrie manufacturière,E + d 1M,48.543551,7.575576,75
38213814700055,382138147,AXES PRESTA' NETT,Village-HANGENBIETEN,12,Autres activités de nettoyage des bâtiments et nettoyage industriel,Activités de services administratifs et de soutien,A - de 32K,48.558242,7.614492,35
38316295500058,383162955,BESTFOODS FRANCE INDUSTRIES - BFI,Plaine de la Bruche,32,Fabrication d'autres produits alimentaires n.c.a.,Industrie manufacturière,E + d 1M,48.54283,7.586929,375
38390514800045,383905148,HABITAT SERVICE PROMOTION,Aéroparc,12,"Ingénierie, études techniques","Activités spécialisées, scientifiques et techniques",E + d 1M,48.544047,7.655372,35
39213172800066,392131728,ATERNO SA,Aéroparc,22,Fabrication d'appareils électroménagers,Industrie manufacturière,Inconnu,48.543587,7.649777,150
39265548600042,392655486,ENTELA,Aéroparc,12,"Installation d'équipements électriques, de matériels électroniques et optiques ou d'autres matériels",Industrie manufacturière,E + d 1M,48.541913,7.649114,35
39320673500622,393206735,ANTEA FRANCE,Aéroparc,12,"Ingénierie, études techniques","Activités spécialisées, scientifiques et techniques",E + d 1M,48.54349,7.65139,35
39348853100285,393488531,NAMIXIS - SSICOOR,Aéroport/Hangenbieten,11,"Ingénierie, études techniques","Activités spécialisées, scientifiques et techniques",Inconnu,48.54601,7.62522,15
39367132600030,393671326,AXIN,Aéroparc,11,Conseil en systèmes et logiciels informatiques,Information et communication,E + d 1M,48.547047,7.653652,15
39377300700017,393773007,SOCIETE EXPLOITATION V.O.W.,Aéroport/Hangenbieten,11,Fabrication de structures métalliques et de parties de structures,Industrie manufacturière,E + d 1M,48.549027,7.615603,15
39520399500059,395203995,ESPACE PROMOTION,Aéroparc,21,Promotion immobilière de logements,Construction,E + d 1M,48.544047,7.655372,75
40057839900018,400578399,STRASBOURG HANDLING,Aéroport/Hangenbieten,12,Services auxiliaires des transports aériens,Transports et entreposage,E + d 1M,48.54601,7.62522,35
40085030100013,400850301,INTERCARAT,Plaine de la Bruche,21,Fabrication d'autres articles en caoutchouc,Industrie manufacturière,E + d 1M,48.540631,7.587265,75
40136977200025,401369772,MANUEST CONCEPT,Plaine de la Bruche,12,Fabrication d'autres équipements de transport n.c.a.,Industrie manufacturière,Inconnu,48.539897,7.575947,35
40144985501020,401449855,QUALICONSULT,Aéroparc,12,"Analyses, essais et inspections techniques","Activités spécialisées, scientifiques et techniques",E + d 1M,48.54349,7.65139,35
40147701300015,401477013,METALTEX FRANCE,Plaine de la Bruche,12,Commerce de gros (commerce interentreprises) d'autres biens domestiques,Commerce ; réparation d'automobiles et de motocycles,Inconnu,48.541815,7.582775,35
40320696400542,403206964,MAXIMO,Village-HOLTZHEIM,12,Commerce de détail de produits surgelés,Commerce ; réparation d'automobiles et de motocycles,E + d 1M,48.562174,7.63896,35
40320831700020,403208317,PROFORM,Aéroport/Hangenbieten,11,Fabrication de machines pour l'industrie agro-alimentaire,Industrie manufacturière,E + d 1M,48.555562,7.61914,15
40921019200020,409210192,2CI CASPAR CONFECTION INDUSTRIE,Plaine de la Bruche,12,"Fabrication d'articles textiles, sauf habillement",Industrie manufacturière,Inconnu,48.545585,7.58657,35
40925511400012,409255114,DOMECA,Village-DUPPIGHEIM,12,Fabrication de portes et fenêtres en métal,Industrie manufacturière,E + d 1M,48.53292,7.594172,35
40986811400151,409868114,INEO INDUSTRIE & TERTIAIRE EST,Joffre,12,Travaux d'installation électrique dans tous locaux,Construction,E + d 1M,48.558301,7.652747,35
40987944200112,409879442,AVITAIR,Village-ENTZHEIM,11,Services auxiliaires des transports aériens,Transports et entreposage,E + d 1M,48.531121,7.632609,15
40994648000012,409946480,SERRURERIE HEITZ,Village-HOLTZHEIM,12,Travaux de menuiserie métallique et serrurerie,Construction,E + d 1M,48.558452,7.644721,35
41257562300068,412575623,NEWREST FRANCE,Village-ENTZHEIM,12,Autres services de restauration n.c.a.,Hébergement et restauration,E + d 1M,48.533219,7.633302,35
41472896400514,414728964,INSTITUT DE SOUDURE INDUSTRIE,Aéroparc,11,"Analyses, essais et inspections techniques","Activités spécialisées, scientifiques et techniques",E + d 1M,48.541902,7.648245,15
41517321000022,415173210,ATHOS AERONAUTIQUE,Aéroparc,21,"Analyses, essais et inspections techniques","Activités spécialisées, scientifiques et techniques",Inconnu,48.54468,7.653564,75
41827211800021,418272118,ALCISE,Plaine de la Bruche,12,Activités de conditionnement,Activités de services administratifs et de soutien,Inconnu,48.545585,7.58657,35
41928326200162,419283262,KELLER FONDATIONS SPECIALES,Plaine de la Bruche,21,Autres travaux spécialisés de construction,Construction,E + d 1M,48.542597,7.567399,75
42049517800626,420495178,SOCIETE AIR FRANCE,Aéroport/Hangenbieten,22,Transports aériens de passagers,Transports et entreposage,E + d 1M,48.54601,7.62522,150
42113136800019,421131368,LOHR INDUSTRIE,Village-HANGENBIETEN,12,Construction de véhicules automobiles,Industrie manufacturière,E + d 1M,48.558487,7.617122,35
42113136800027,421131368,LOHR INDUSTRIE,Plaine de la Bruche,41,Construction de véhicules automobiles,Industrie manufacturière,E + d 1M,48.545585,7.58657,750
42184218800052,421842188,ASTEELFLASH FRANCE,Plaine de la Bruche,21,Fabrication de cartes électroniques assemblées,Industrie manufacturière,E + d 1M,48.53916,7.56946,75
42287638300031,422876383,EM GROUP FRANCE SARL,Aéroparc,12,Commerce de gros (commerce interentreprises) de fournitures et équipements divers pour le commerce et les services,Commerce ; réparation d'automobiles et de motocycles,E + d 1M,48.546207,7.653832,35
42385922200055,423859222,VOGEL DIFFUSION,Aéroparc,12,Commerce de voitures et de véhicules automobiles légers,Commerce ; réparation d'automobiles et de motocycles,Inconnu,48.540264,7.654353,35
42499052100017,424990521,SARL COPIN,Plaine de la Bruche,11,Fabrication de structures métalliques et de parties de structures,Industrie manufacturière,A - de 32K,48.538889,7.586532,15
42965916200037,429659162,XEOS,Aéroparc,11,Activités de soutien au spectacle vivant,"Arts, spectacles et activités récréatives",A - de 32K,48.541562,7.649359,15
43223014200080,432230142,HANSA FLEX FRANCE,Aéroparc,11,Commerce de gros (commerce interentreprises) de fournitures et équipements industriels divers,Commerce ; réparation d'automobiles et de motocycles,E + d 1M,48.544573,7.656317,15
43823959200043,438239592,FLEXTRONICS LAVAL,Aéroparc,11,Conseil pour les affaires et autres conseils de gestion,"Activités spécialisées, scientifiques et techniques",E + d 1M,48.545221,7.655786,15
43922445200011,439224452,GROUPEMENT ECOLE DE MUSIQUE LES CHATEAUX,Village-HANGENBIETEN,11,Arts du spectacle vivant,"Arts, spectacles et activités récréatives",Inconnu,48.560213,7.616293,15
44062675200032,440626752,AVECO,Aéroparc,11,Activités comptables,"Activités spécialisées, scientifiques et techniques",Inconnu,48.541017,7.649121,15
44093371100010,440933711,CLIMATISATION GILBERT,Plaine de la Bruche,11,Travaux d'installation d'équipements thermiques et de climatisation,Construction,Inconnu,48.539525,7.569493,15
44284892500446,442848925,QUALICONSULT EXPLOITATION,Aéroparc,11,"Analyses, essais et inspections techniques","Activités spécialisées, scientifiques et techniques",E + d 1M,48.54349,7.65139,15
44308835600037,443088356,E. C. PARTENAIRE,Aéroparc,12,Activités comptables,"Activités spécialisées, scientifiques et techniques",Inconnu,48.546207,7.653832,35
44357219300037,443572193,CTE STRASBOURG,Aéroparc,11,"Ingénierie, études techniques","Activités spécialisées, scientifiques et techniques",E + d 1M,48.542684,7.649265,15
44466909700016,444669097,KOVACIC HABITAT,Plaine de la Bruche,12,Travaux de menuiserie bois et PVC,Construction,E + d 1M,48.548839,7.566891,35
44487260000036,444872600,PRESTALOC,Plaine de la Bruche,11,Location et location-bail d'autres biens personnels et domestiques,Activités de services administratifs et de soutien,E + d 1M,48.539078,7.586964,15
44529759100023,445297591,SAVEURS & DELICES,Aéroport/Hangenbieten,12,Services des traiteurs,Hébergement et restauration,A - de 32K,48.54601,7.62522,35
47914443800187,479144438,COMM,Aéroparc,11,Programmation informatique,Information et communication,E + d 1M,48.544241,7.650943,15
48003520300037,480035203,ITEA,Aéroparc,12,Conseil en systèmes et logiciels informatiques,Information et communication,E + d 1M,48.545442,7.655329,35
48035231900044,480352319,ACESI FRANCE,Aéroparc,11,Conseil en systèmes et logiciels informatiques,Information et communication,E + d 1M,48.546207,7.653832,15
48121600000044,481216000,BT-INFO,Aéroport/Hangenbieten,11,Conseil en systèmes et logiciels informatiques,Information et communication,Inconnu,48.54601,7.62522,15
48484124200031,484841242,NOVEO,Aéroparc,12,"Ingénierie, études techniques","Activités spécialisées, scientifiques et techniques",Inconnu,48.546207,7.653832,35
48521946300091,485219463,ATELIO,Aéroparc,11,"Ingénierie, études techniques","Activités spécialisées, scientifiques et techniques",E + d 1M,48.541017,7.649121,15
48817484800025,488174848,TOPAZE PROMOTION,Aéroparc,11,Promotion immobilière de logements,Construction,E + d 1M,48.545442,7.655329,15
48831970800027,488319708,SARL JERODIS,Aéroparc,11,Supermarchés,Commerce ; réparation d'automobiles et de motocycles,E + d 1M,48.538455,7.647272,15
48964919400052,489649194,CALCULUS INTERNATIONAL,Aéroparc,11,Activités comptables,"Activités spécialisées, scientifiques et techniques",A - de 32K,48.546799,7.654145,15
49319140700391,493191407,KUEHNE + NAGEL ROAD,Joffre,22,Transports routiers de fret interurbains,Transports et entreposage,E + d 1M,48.560762,7.652899,150
49342589600013,493425896,EIFFAGE ENERGIE SYSTEMES - LOHNER MAINTENANCE ET TECHNIQUE,Plaine de la Bruche,11,Travaux d'installation d'équipements thermiques et de climatisation,Construction,E + d 1M,48.538189,7.590119,15
49488763100039,494887631,MARS PF FRANCE,Plaine de la Bruche,32,Fabrication d'aliments pour animaux de compagnie,Industrie manufacturière,E + d 1M,48.546971,7.569254,375
49816812900019,498168129,EIFFAGE ENERGIE SYSTEMES - ALSACE SANITAIRE CHAUFFAGE,Plaine de la Bruche,11,Travaux d'installation d'équipements thermiques et de climatisation,Construction,E + d 1M,48.538189,7.590119,15
50025622700041,500256227,COLVEMAT BTP,Plaine de la Bruche,12,"Commerce de gros (commerce interentreprises) de machines pour l'extraction, la construction et le génie civil",Commerce ; réparation d'automobiles et de motocycles,E + d 1M,48.539699,7.574218,35
50083313200029,500833132,ART RESTORATION,Joffre,11,Entretien et réparation d'autres véhicules automobiles,Commerce ; réparation d'automobiles et de motocycles,Inconnu,48.557802,7.653864,15
50086532400023,500865324,AVENIR TRANSPORT EXPRESS 67,Plaine de la Bruche,11,"Messagerie, fret express",Transports et entreposage,E + d 1M,48.539699,7.574218,15
50088667600047,500886676,STEF LOGISTIQUE ALSACE,Plaine de la Bruche,11,Entreposage et stockage frigorifique,Transports et entreposage,E + d 1M,48.543183,7.584924,15
50136950800046,501369508,NEWTL,Village-DUPPIGHEIM,22,Construction de locomotives et d'autre matériel ferroviaire roulant,Industrie manufacturière,E + d 1M,48.529068,7.59447,150
50205031300035,502050313,LTI SOFTINVEST,Aéroparc,11,Édition de logiciels applicatifs,Information et communication,E + d 1M,48.545947,7.651214,15
50362080900015,503620809,BOUJ'EXPRESS,Village-DUTTLENHEIM,11,Transports routiers de fret interurbains,Transports et entreposage,Inconnu,48.525143,7.569084,15
50388201100011,503882011,DIGEL FRANCE,Aéroparc,12,Commerce de détail d'habillement en magasin spécialisé,Commerce ; réparation d'automobiles et de motocycles,E + d 1M,48.545442,7.655329,35
50844694500018,508446945,KOVACIC INDUSTRIES,Plaine de la Bruche,12,Fabrication de portes et fenêtres en métal,Industrie manufacturière,E + d 1M,48.548839,7.566891,35
50851378500271,508513785,SOCOPA VIANDES,Joffre,22,Transformation et conservation de la viande de boucherie,Industrie manufacturière,Inconnu,48.559538,7.654311,150
50960128200072,509601282,ALTITUDE INFRASTRUCTURE CONSTRUCTION,Aéroparc,12,Construction de réseaux électriques et de télécommunications,Construction,E + d 1M,48.546549,7.652076,35
51892720700028,518927207,ACESI GROUP,Aéroparc,11,Fonds de placement et entités financières similaires,Activités financières et d'assurance,E + d 1M,48.546207,7.653832,15
51952305400020,519523054,POIVRE SEL & BOUT'CHOU,Aéroparc,12,Restauration collective sous contrat,Hébergement et restauration,E + d 1M,48.539349,7.648691,35
52028311000085,520283110,ATALIAN PROPRETE EST,Aéroport/Hangenbieten,32,Nettoyage courant des bâtiments,Activités de services administratifs et de soutien,E + d 1M,48.554761,7.617754,375
52126985200021,521269852,HD FINANCES,Plaine de la Bruche,11,Activités des sociétés holding,Activités financières et d'assurance,A - de 32K,48.542948,7.5869,15
52411528400019,524115284,DBH-SERVICES,Aéroparc,12,Réparation d'équipements de communication,Autres activités de services,Inconnu,48.541913,7.649114,35
52886295600018,528862956,AEROPORT DE STRASBOURG-ENTZHEIM,Aéroport/Hangenbieten,21,Services auxiliaires des transports aériens,Transports et entreposage,E + d 1M,48.54601,7.62522,75
52898842100020,528988421,ARNAUD CHAMLEY,Aéroparc,11,Travaux de couverture par éléments,Construction,A - de 32K,48.541465,7.649237,15
53166571900021,531665719,CALLISTO INGENIERIE,Aéroport/Hangenbieten,11,"Ingénierie, études techniques","Activités spécialisées, scientifiques et techniques",A - de 32K,48.54601,7.62522,15
53925670100035,539256701,ALARA EXPERTISE,Aéroport/Hangenbieten,12,"Activités spécialisées, scientifiques et techniques diverses","Activités spécialisées, scientifiques et techniques",Inconnu,48.54601,7.62522,35
54562011400714,545620114,CIE INDUSTRIELLE APPLICATIONS THERMIQUES,Aéroparc,11,Fabrication d'équipements aérauliques et frigorifiques industriels,Industrie manufacturière,Inconnu,48.539883,7.654867,15
55208853601287,552088536,BOLLORE LOGISTICS,Village-ENTZHEIM,11,Affrètement et organisation des transports,Transports et entreposage,E + d 1M,48.533251,7.635128,15
55850146600293,558501466,QUONEX GRAND EST,Aéroparc,12,"Installation d'équipements électriques, de matériels électroniques et optiques ou d'autres matériels",Industrie manufacturière,Inconnu,48.54381,7.651484,35
57219918000082,572199180,EDARD,Plaine de la Bruche,12,Fabrication d'emballages métalliques légers,Industrie manufacturière,Inconnu,48.540548,7.568901,35
57850221300049,578502213,STREB & WEIL,Plaine de la Bruche,12,Fabrication d'autres machines d'usage général,Industrie manufacturière,E + d 1M,48.540563,7.566656,35
58295030900051,582950309,BONGARD,Joffre,22,Fabrication de fours et brûleurs,Industrie manufacturière,E + d 1M,48.560105,7.646659,150
58850123900028,588501239,ENTREPRISE DE CONSTRUCTIONS HIRSCHNER,Joffre,21,Construction d'autres bâtiments,Construction,E + d 1M,48.562115,7.647942,75
58850290600088,588502906,SOCIETE DES USINES QUIRI & CIE,Plaine de la Bruche,22,Fabrication d'équipements hydrauliques et pneumatiques,Industrie manufacturière,E + d 1M,48.543163,7.572067,150
58850375500021,588503755,EIFFAGE ENERGIE SYSTEMES - LOHNER,Plaine de la Bruche,12,Travaux d'installation d'équipements thermiques et de climatisation,Construction,E + d 1M,48.538189,7.590119,35
59205130400463,592051304,AGILITY,Aéroparc,11,Affrètement et organisation des transports,Transports et entreposage,E + d 1M,48.544573,7.656317,15
61850007800018,618500078,KIEHL FRERES,Plaine de la Bruche,12,Transports routiers de fret interurbains,Transports et entreposage,E + d 1M,48.537302,7.591373,35
62205260300587,622052603,RENTOKIL INITIAL,Joffre,12,"Désinfection, désinsectisation, dératisation",Activités de services administratifs et de soutien,E + d 1M,48.558064,7.652309,35
63850185800036,638501858,SPECIALITES EUROPEENNES DE VULCANISATION,Aéroport/Hangenbieten,11,Commerce de gros (commerce interentreprises) de fournitures et équipements industriels divers,Commerce ; réparation d'automobiles et de motocycles,E + d 1M,48.54601,7.62522,15
63850304500053,638503045,LOHR SA,Village-HANGENBIETEN,11,Activités des sociétés holding,Activités financières et d'assurance,Inconnu,48.558487,7.617122,15
65202396100442,652023961,AVIS LOCATION DE VOITURES,Aéroport/Hangenbieten,11,Location de courte durée de voitures et de véhicules automobiles légers,Activités de services administratifs et de soutien,E + d 1M,48.54601,7.62522,15
67558059100013,675580591,WOLFF ET COMPAGNIE SOCIETE ANONYME,Village-ERNOLSHEIM-BRUCHE,12,Commerce de gros (commerce interentreprises) de bois et de matériaux de construction,Commerce ; réparation d'automobiles et de motocycles,Inconnu,48.562325,7.565339,35
67668003600040,676680036,PFERD RUGGEBERG FRANCE,Plaine de la Bruche,12,Commerce de gros (commerce interentreprises) de machines-outils,Commerce ; réparation d'automobiles et de motocycles,E + d 1M,48.547145,7.5679,35
67850059600039,678500596,SOC INTERNATIONALE FOURNITURES AUTOS,Aéroport/Hangenbieten,11,Fabrication d'autres articles en caoutchouc,Industrie manufacturière,Inconnu,48.54601,7.62522,15
67850295600132,678502956,TRILUX FRANCE SAS,Aéroparc,21,"Commerce de gros (commerce interentreprises) de meubles, de tapis et d'appareils d'éclairage",Commerce ; réparation d'automobiles et de motocycles,E + d 1M,48.544573,7.656317,75
67980493000122,679804930,OERLIKON BALZERS FRANCE,Plaine de la Bruche,12,Traitement et revêtement des métaux,Industrie manufacturière,E + d 1M,48.539026,7.567294,35
69678042800400,696780428,BODYCOTE,Plaine de la Bruche,11,Traitement et revêtement des métaux,Industrie manufacturière,E + d 1M,48.539026,7.567294,15
70205022000079,702050220,CHEM TREND FRANCE,Aéroparc,11,Commerce de gros (commerce interentreprises) de produits chimiques,Commerce ; réparation d'automobiles et de motocycles,E + d 1M,48.54349,7.65139,15
70850347900030,708503479,GUILLET,Plaine de la Bruche,21,Fabrication de machines pour l'industrie agro-alimentaire,Industrie manufacturière,E + d 1M,48.545585,7.58657,75
70850371900161,708503719,BCB BUSINESS COIFFURE BEAUTE,Aéroparc,11,Commerce de gros (commerce interentreprises) de parfumerie et de produits de beauté,Commerce ; réparation d'automobiles et de motocycles,E + d 1M,48.544573,7.656317,15
71205261200157,712052612,FRANCE HANDLING,Aéroport/Hangenbieten,12,Affrètement et organisation des transports,Transports et entreposage,E + d 1M,48.54601,7.62522,35
71205626600463,712056266,LA DETECTION ELECTRONIQUE FRANCAISE,Aéroparc,11,Fabrication d'équipements de communication,Industrie manufacturière,Inconnu,48.546207,7.653832,15
73203254500053,732032545,SOFRAME,Plaine de la Bruche,12,Construction de véhicules automobiles,Industrie manufacturière,Inconnu,48.545585,7.58657,35
75034817900094,750348179,CONCESSIONS AEROPORTS FRANCE,Village-ENTZHEIM,12,Restauration de type rapide,Hébergement et restauration,E + d 1M,48.531121,7.632609,35
75180118400043,751801184,VOLOTEA SA,Aéroport/Hangenbieten,12,Transports aériens de passagers,Transports et entreposage,Inconnu,48.54601,7.62522,35
75292649300020,752926493,EMOTRANS FRANCE,Aéroparc,11,Affrètement et organisation des transports,Transports et entreposage,E + d 1M,48.54349,7.65139,15
76980020200780,769800202,HEPPNER SOCIETE DE TRANSPORTS,Aéroport/Hangenbieten,11,Affrètement et organisation des transports,Transports et entreposage,E + d 1M,48.54601,7.62522,15
77564206900584,775642069,ASS BAS-RHINOISE AIDE PERSONNES AGEES,Village-HOLTZHEIM,12,Hébergement social pour personnes âgées,Santé humaine et action sociale,Inconnu,48.561305,7.634222,35
77605646700850,776056467,UNION DES GROUPEMENTS D'ACHATS PUBLICS,Aéroparc,11,Centrales d'achat non alimentaires,Commerce ; réparation d'automobiles et de motocycles,Inconnu,48.54349,7.65139,15
77876843200016,778768432,CAISSE DU CREDIT MUTUEL HORIZON,Joffre,11,Autres intermédiations monétaires,Activités financières et d'assurance,Inconnu,48.5599,7.646585,15
79084341100188,790843411,DEMATHIEU BARD CONSTRUCTION,Plaine de la Bruche,21,Construction d'autres bâtiments,Construction,E + d 1M,48.541815,7.582775,75
79090499900014,790904999,ERACLEAN,Village-HOLTZHEIM,11,Autres activités de nettoyage des bâtiments et nettoyage industriel,Activités de services administratifs et de soutien,Inconnu,48.560496,7.639973,15
79539792600010,795397926,LE 1774,Village-ENTZHEIM,11,Restauration traditionnelle,Hébergement et restauration,D entre 250K et 1M,48.531404,7.634516,15
79874553500038,798745535,GROUPE SYNERLAB,Aéroparc,11,Activités des sociétés holding,Activités financières et d'assurance,E + d 1M,48.539883,7.654867,15
79939520700027,799395207,EMAILLERIE ALSACIENNE,Plaine de la Bruche,12,Fabrication de structures métalliques et de parties de structures,Industrie manufacturière,Inconnu,48.539126,7.569184,35
79987935800049,799879358,ALSTOM APTIS,Aéroport/Hangenbieten,21,Construction de véhicules automobiles,Industrie manufacturière,C entre 82K et 250K,48.555058,7.620312,75
80022011300024,800220113,MD6 CONSULTING,Aéroparc,12,Conseil pour les affaires et autres conseils de gestion,"Activités spécialisées, scientifiques et techniques",E + d 1M,48.545442,7.655329,35
80025973100027,800259731,DUTTLEDIS,Village-DUTTLENHEIM,12,Supermarchés,Commerce ; réparation d'automobiles et de motocycles,E + d 1M,48.52587,7.566894,35
80026656100011,800266561,HOLTZDIS,Joffre,12,Supermarchés,Commerce ; réparation d'automobiles et de motocycles,E + d 1M,48.557802,7.653864,35
80437000500022,804370005,G. & L. DENILAULER,Aéroparc,11,Boulangerie et boulangerie-pâtisserie,Industrie manufacturière,Inconnu,48.539349,7.648691,15
80924039300029,809240393,APPARENCE - JUSTE POUR SOI - ENTZHEIM,Aéroparc,11,Coiffure,Autres activités de services,Inconnu,48.539349,7.648691,15
80930060100014,809300601,DELTA,Aéroparc,12,Fabrication d'instrumentation scientifique et technique,Industrie manufacturière,Inconnu,48.540706,7.648505,35
81083640300024,810836403,VIVIALYS SERVICES,Aéroparc,11,"Activités spécialisées, scientifiques et techniques diverses","Activités spécialisées, scientifiques et techniques",E + d 1M,48.545442,7.655329,15
81193436300268,811934363,NXO FRANCE,Aéroparc,12,"Ingénierie, études techniques","Activités spécialisées, scientifiques et techniques",Inconnu,48.546907,7.652567,35
81749348900014,817493489,SAS INEOSURF,Plaine de la Bruche,11,"Activités spécialisées, scientifiques et techniques diverses","Activités spécialisées, scientifiques et techniques",E + d 1M,48.538889,7.586532,15
81861122000018,818611220,FRESHMILE SERVICES,Aéroport/Hangenbieten,11,Commerce d'électricité,"Production et distribution d'électricité, de gaz, de vapeur et d'air conditionné",A - de 32K,48.54601,7.62522,15
82353859000022,823538590,COTTEX,Plaine de la Bruche,12,Autres activités de poste et de courrier,Transports et entreposage,Inconnu,48.54047,7.56951,35
82363161900025,823631619,ZOREN PROD,Aéroparc,11,Arts du spectacle vivant,"Arts, spectacles et activités récréatives",Inconnu,48.538926,7.649133,15
82515283800017,825152838,NAGARRO ES FRANCE,Aéroparc,12,Conseil en systèmes et logiciels informatiques,Information et communication,E + d 1M,48.546207,7.653832,35
82817635400029,828176354,BACCHUS,Aéroparc,12,Restauration traditionnelle,Hébergement et restauration,A - de 32K,48.539349,7.648691,35
83054538000016,830545380,GRECON SARL,Aéroparc,11,Commerce de gros (commerce interentreprises) de matériel électrique,Commerce ; réparation d'automobiles et de motocycles,E + d 1M,48.539883,7.654867,15
83095977100023,830959771,LOSANGE,Aéroparc,11,Télécommunications filaires,Information et communication,Inconnu,48.547294,7.653259,15
83223540200183,832235402,AUCHAN RETAIL LOGISTIQUE,Plaine de la Bruche,22,Entreposage et stockage non frigorifique,Transports et entreposage,E + d 1M,48.543146,7.571442,150
94555054901384,945550549,EQIOM BETONS,Aéroparc,11,Fabrication de béton prêt à l'emploi,Industrie manufacturière,E + d 1M,48.544646,7.650443,15
95062278700022,950622787,E G W MAINTENANCE,Plaine de la Bruche,12,Réparation de machines et équipements mécaniques,Industrie manufacturière,E + d 1M,48.542945,7.582347,35
